Well,Treatment_Drug,Concentration_1,Unit_1,Concentration_2,Unit_2,Remark,Count,Patient,Plate
C3,DMSO,NA,,NA,,Neg_Control,2992,2,1
D3,Bortezomib,100,nM,100,nM,,27,2,1
E3,Mitoxantrone,100,nM,100,nM,,453,2,1
F3,Ruxolitinib,10,uM,10000,nM,,4022,2,1
G3,Sunitinib,10,uM,10000,nM,,26,2,1
H3,Gilteritinib,10,uM,10000,nM,,217,2,1
I3,Birinapant,10,uM,10000,nM,,1090,2,1
J3,Dasatinib,10,uM,10000,nM,,855,2,1
K3,Dinaciclib,10,uM,10000,nM,,59,2,1
L3,Gemcitabine,10,uM,10000,nM,,595,2,1
M3,Asparaginase,2.5,IU/mL,2500,uU/mL,,1532,2,1
N3,Ponatinib,10,uM,10000,nM,,10,2,1
C4,DMSO,NA,,NA,,Neg_Control,3156,2,1
D4,Bortezomib,50,nM,50,nM,,31,2,1
E4,Mitoxantrone,50,nM,50,nM,,888,2,1
F4,Ruxolitinib,5,uM,5000,nM,,4804,2,1
G4,Sunitinib,5,uM,5000,nM,,107,2,1
H4,Gilteritinib,1,uM,1000,nM,,226,2,1
I4,Birinapant,1,uM,1000,nM,,461,2,1
J4,Dasatinib,1,uM,1000,nM,,2694,2,1
K4,Dinaciclib,1,uM,1000,nM,,39,2,1
L4,Gemcitabine,1,uM,1000,nM,,656,2,1
M4,Asparaginase,250,uU/mL,250,uU/mL,,2438,2,1
N4,Ponatinib,1,uM,1000,nM,,776,2,1
C5,DMSO,NA,,NA,,Neg_Control,4044,2,1
D5,Bortezomib,25,nM,25,nM,,43,2,1
E5,Mitoxantrone,25,nM,25,nM,,1370,2,1
F5,Ruxolitinib,1,uM,1000,nM,,2537,2,1
G5,Sunitinib,1,uM,1000,nM,,730,2,1
H5,Gilteritinib,100,nM,100,nM,,1238,2,1
I5,Birinapant,100,nM,100,nM,,533,2,1
J5,Dasatinib,100,nM,100,nM,,2844,2,1
K5,Dinaciclib,100,nM,100,nM,,36,2,1
L5,Gemcitabine,100,nM,100,nM,,832,2,1
M5,Asparaginase,25,uU/mL,25,uU/mL,,1881,2,1
N5,Ponatinib,100,nM,100,nM,,1409,2,1
C6,DMSO,NA,,NA,,Neg_Control,3213,2,1
D6,Bortezomib,10,nM,10,nM,,43,2,1
E6,Mitoxantrone,10,nM,10,nM,,1913,2,1
F6,Ruxolitinib,500,nM,500,nM,,3653,2,1
G6,Sunitinib,500,nM,500,nM,,735,2,1
H6,Gilteritinib,10,nM,10,nM,,2626,2,1
I6,Birinapant,10,nM,10,nM,,1665,2,1
J6,Dasatinib,10,nM,10,nM,,3332,2,1
K6,Dinaciclib,10,nM,10,nM,,43,2,1
L6,Gemcitabine,10,nM,10,nM,,519,2,1
M6,Asparaginase,2.5,uU/mL,2.5,uU/mL,,1565,2,1
N6,Ponatinib,10,nM,10,nM,,1790,2,1
C7,DMSO,NA,,NA,,Neg_Control,2552,2,1
D7,Bortezomib,1,nM,1,nM,,2384,2,1
E7,Mitoxantrone,1,nM,1,nM,,1850,2,1
F7,Ruxolitinib,100,nM,100,nM,,2665,2,1
G7,Sunitinib,100,nM,100,nM,,1594,2,1
H7,Gilteritinib,1,nM,1,nM,,2723,2,1
I7,Birinapant,1,nM,1,nM,,3359,2,1
J7,Dasatinib,1,nM,1,nM,,3572,2,1
K7,Dinaciclib,1,nM,1,nM,,2044,2,1
L7,Gemcitabine,1,nM,1,nM,,2085,2,1
M7,Asparaginase,0.25,uU/mL,0.25,uU/mL,,1708,2,1
N7,Ponatinib,1,nM,1,nM,,3663,2,1
C8,DMSO,NA,,NA,,Neg_Control,2299,2,1
D8,Bortezomib,100,nM,100,nM,,56,2,1
E8,Mitoxantrone,100,nM,100,nM,,251,2,1
F8,Ruxolitinib,10,uM,10000,nM,,3053,2,1
G8,Sunitinib,10,uM,10000,nM,,25,2,1
H8,Gilteritinib,10,uM,10000,nM,,268,2,1
I8,Birinapant,10,uM,10000,nM,,1274,2,1
J8,Dasatinib,10,uM,10000,nM,,973,2,1
K8,Dinaciclib,10,uM,10000,nM,,60,2,1
L8,Gemcitabine,10,uM,10000,nM,,536,2,1
M8,Asparaginase,2.5,IU/mL,2500,uU/mL,,1095,2,1
N8,Ponatinib,10,uM,10000,nM,,20,2,1
C9,DMSO,NA,,NA,,Neg_Control,3611,2,1
D9,Bortezomib,50,nM,50,nM,,56,2,1
E9,Mitoxantrone,50,nM,50,nM,,1214,2,1
F9,Ruxolitinib,5,uM,5000,nM,,4840,2,1
G9,Sunitinib,5,uM,5000,nM,,110,2,1
H9,Gilteritinib,1,uM,1000,nM,,278,2,1
I9,Birinapant,1,uM,1000,nM,,579,2,1
J9,Dasatinib,1,uM,1000,nM,,2804,2,1
K9,Dinaciclib,1,uM,1000,nM,,66,2,1
L9,Gemcitabine,1,uM,1000,nM,,801,2,1
M9,Asparaginase,250,uU/mL,250,uU/mL,,2186,2,1
N9,Ponatinib,1,uM,1000,nM,,931,2,1
C10,DMSO,NA,,NA,,Neg_Control,2475,2,1
D10,Bortezomib,25,nM,25,nM,,41,2,1
E10,Mitoxantrone,25,nM,25,nM,,1119,2,1
F10,Ruxolitinib,1,uM,1000,nM,,3362,2,1
G10,Sunitinib,1,uM,1000,nM,,683,2,1
H10,Gilteritinib,100,nM,100,nM,,2305,2,1
I10,Birinapant,100,nM,100,nM,,530,2,1
J10,Dasatinib,100,nM,100,nM,,3208,2,1
K10,Dinaciclib,100,nM,100,nM,,38,2,1
L10,Gemcitabine,100,nM,100,nM,,864,2,1
M10,Asparaginase,25,uU/mL,25,uU/mL,,3333,2,1
N10,Ponatinib,100,nM,100,nM,,2213,2,1
C11,DMSO,NA,,NA,,Neg_Control,2181,2,1
D11,Bortezomib,10,nM,10,nM,,54,2,1
E11,Mitoxantrone,10,nM,10,nM,,2183,2,1
F11,Ruxolitinib,500,nM,500,nM,,3579,2,1
G11,Sunitinib,500,nM,500,nM,,937,2,1
H11,Gilteritinib,10,nM,10,nM,,2358,2,1
I11,Birinapant,10,nM,10,nM,,1690,2,1
J11,Dasatinib,10,nM,10,nM,,3167,2,1
K11,Dinaciclib,10,nM,10,nM,,54,2,1
L11,Gemcitabine,10,nM,10,nM,,885,2,1
M11,Asparaginase,2.5,uU/mL,2.5,uU/mL,,2053,2,1
N11,Ponatinib,10,nM,10,nM,,2484,2,1
C12,DMSO,NA,,NA,,Neg_Control,2852,2,1
D12,Bortezomib,1,nM,1,nM,,2447,2,1
E12,Mitoxantrone,1,nM,1,nM,,2068,2,1
F12,Ruxolitinib,100,nM,100,nM,,2803,2,1
G12,Sunitinib,100,nM,100,nM,,1185,2,1
H12,Gilteritinib,1,nM,1,nM,,2973,2,1
I12,Birinapant,1,nM,1,nM,,2175,2,1
J12,Dasatinib,1,nM,1,nM,,2299,2,1
K12,Dinaciclib,1,nM,1,nM,,2490,2,1
L12,Gemcitabine,1,nM,1,nM,,1915,2,1
M12,Asparaginase,0.25,uU/mL,0.25,uU/mL,,3877,2,1
N12,Ponatinib,1,nM,1,nM,,3462,2,1
C13,Idarubicin,100,nM,100,nM,,64,2,1
D13,Carfilzomib,100,nM,100,nM,,41,2,1
E13,Quizartinib,10,uM,10000,nM,,1647,2,1
F13,Selumetinib,10,uM,10000,nM,,2748,2,1
G13,Torin-1,10,uM,10000,nM,,31,2,1
H13,Venetoclax,10,uM,10000,nM,,32,2,1
I13,Cytarabine,10,uM,10000,nM,,852,2,1
J13,Dexamethasone,10,uM,10000,nM,,216,2,1
K13,Doxorubicin,10,uM,10000,nM,,NA,2,1
L13,Navitoclax,10,uM,10000,nM,,10,2,1
M13,Panobinostat,10,uM,10000,nM,,13,2,1
N13,Midostaurin,10,uM,10000,nM,,31,2,1
C14,Idarubicin,50,nM,50,nM,,90,2,1
D14,Carfilzomib,50,nM,50,nM,,27,2,1
E14,Quizartinib,5,uM,5000,nM,,1364,2,1
F14,Selumetinib,5,uM,5000,nM,,2357,2,1
G14,Torin-1,1,uM,1000,nM,,1824,2,1
H14,Venetoclax,1,uM,1000,nM,,365,2,1
I14,Cytarabine,1,uM,1000,nM,,1366,2,1
J14,Dexamethasone,1,uM,1000,nM,,218,2,1
K14,Doxorubicin,1,uM,1000,nM,,0,2,1
L14,Navitoclax,1,uM,1000,nM,,85,2,1
M14,Panobinostat,1,uM,1000,nM,,248,2,1
N14,Midostaurin,1,uM,1000,nM,,118,2,1
C15,Idarubicin,25,nM,25,nM,,434,2,1
D15,Carfilzomib,25,nM,25,nM,,44,2,1
E15,Quizartinib,1,uM,1000,nM,,1008,2,1
F15,Selumetinib,1,uM,1000,nM,,1824,2,1
G15,Torin-1,100,nM,100,nM,,2196,2,1
H15,Venetoclax,100,nM,100,nM,,1931,2,1
I15,Cytarabine,100,nM,100,nM,,1621,2,1
J15,Dexamethasone,100,nM,100,nM,,314,2,1
K15,Doxorubicin,100,nM,100,nM,,149,2,1
L15,Navitoclax,100,nM,100,nM,,1438,2,1
M15,Panobinostat,100,nM,100,nM,,15,2,1
N15,Midostaurin,100,nM,100,nM,,2275,2,1
C16,Idarubicin,10,nM,10,nM,,1391,2,1
D16,Carfilzomib,10,nM,10,nM,,76,2,1
E16,Quizartinib,500,nM,500,nM,,1088,2,1
F16,Selumetinib,500,nM,500,nM,,2618,2,1
G16,Torin-1,10,nM,10,nM,,2034,2,1
H16,Venetoclax,10,nM,10,nM,,1045,2,1
I16,Cytarabine,10,nM,10,nM,,2354,2,1
J16,Dexamethasone,10,nM,10,nM,,476,2,1
K16,Doxorubicin,10,nM,10,nM,,1302,2,1
L16,Navitoclax,10,nM,10,nM,,334,2,1
M16,Panobinostat,10,nM,10,nM,,1556,2,1
N16,Midostaurin,10,nM,10,nM,,2056,2,1
C17,Idarubicin,1,nM,1,nM,,3437,2,1
D17,Carfilzomib,1,nM,1,nM,,1609,2,1
E17,Quizartinib,100,nM,100,nM,,1853,2,1
F17,Selumetinib,100,nM,100,nM,,3261,2,1
G17,Torin-1,1,nM,1,nM,,1846,2,1
H17,Venetoclax,1,nM,1,nM,,1813,2,1
I17,Cytarabine,1,nM,1,nM,,2236,2,1
J17,Dexamethasone,1,nM,1,nM,,2327,2,1
K17,Doxorubicin,1,nM,1,nM,,2676,2,1
L17,Navitoclax,1,nM,1,nM,,2197,2,1
M17,Panobinostat,1,nM,1,nM,,1819,2,1
N17,Midostaurin,1,nM,1,nM,,2478,2,1
C18,Idarubicin,100,nM,100,nM,,92,2,1
D18,Carfilzomib,100,nM,100,nM,,33,2,1
E18,Quizartinib,10,uM,10000,nM,,1470,2,1
F18,Selumetinib,10,uM,10000,nM,,2818,2,1
G18,Torin-1,10,uM,10000,nM,,85,2,1
H18,Venetoclax,10,uM,10000,nM,,101,2,1
I18,Cytarabine,10,uM,10000,nM,,767,2,1
J18,Dexamethasone,10,uM,10000,nM,,258,2,1
K18,Doxorubicin,10,uM,10000,nM,,0,2,1
L18,Navitoclax,10,uM,10000,nM,,6,2,1
M18,Panobinostat,10,uM,10000,nM,,8,2,1
N18,Midostaurin,10,uM,10000,nM,,39,2,1
C19,Idarubicin,50,nM,50,nM,,109,2,1
D19,Carfilzomib,50,nM,50,nM,,75,2,1
E19,Quizartinib,5,uM,5000,nM,,1606,2,1
F19,Selumetinib,5,uM,5000,nM,,2161,2,1
G19,Torin-1,1,uM,1000,nM,,1587,2,1
H19,Venetoclax,1,uM,1000,nM,,309,2,1
I19,Cytarabine,1,uM,1000,nM,,831,2,1
J19,Dexamethasone,1,uM,1000,nM,,266,2,1
K19,Doxorubicin,1,uM,1000,nM,,1,2,1
L19,Navitoclax,1,uM,1000,nM,,115,2,1
M19,Panobinostat,1,uM,1000,nM,,301,2,1
N19,Midostaurin,1,uM,1000,nM,,142,2,1
C20,Idarubicin,25,nM,25,nM,,202,2,1
D20,Carfilzomib,25,nM,25,nM,,53,2,1
E20,Quizartinib,1,uM,1000,nM,,1402,2,1
F20,Selumetinib,1,uM,1000,nM,,3732,2,1
G20,Torin-1,100,nM,100,nM,,2644,2,1
H20,Venetoclax,100,nM,100,nM,,1199,2,1
I20,Cytarabine,100,nM,100,nM,,1145,2,1
J20,Dexamethasone,100,nM,100,nM,,259,2,1
K20,Doxorubicin,100,nM,100,nM,,119,2,1
L20,Navitoclax,100,nM,100,nM,,2152,2,1
M20,Panobinostat,100,nM,100,nM,,438,2,1
N20,Midostaurin,100,nM,100,nM,,2874,2,1
C21,Idarubicin,10,nM,10,nM,,1192,2,1
D21,Carfilzomib,10,nM,10,nM,,59,2,1
E21,Quizartinib,500,nM,500,nM,,1016,2,1
F21,Selumetinib,500,nM,500,nM,,2097,2,1
G21,Torin-1,10,nM,10,nM,,2798,2,1
H21,Venetoclax,10,nM,10,nM,,1399,2,1
I21,Cytarabine,10,nM,10,nM,,1153,2,1
J21,Dexamethasone,10,nM,10,nM,,420,2,1
K21,Doxorubicin,10,nM,10,nM,,2697,2,1
L21,Navitoclax,10,nM,10,nM,,285,2,1
M21,Panobinostat,10,nM,10,nM,,1178,2,1
N21,Midostaurin,10,nM,10,nM,,2475,2,1
C22,Idarubicin,1,nM,1,nM,,2553,2,1
D22,Carfilzomib,1,nM,1,nM,,2816,2,1
E22,Quizartinib,100,nM,100,nM,,1010,2,1
F22,Selumetinib,100,nM,100,nM,,1859,2,1
G22,Torin-1,1,nM,1,nM,,3102,2,1
H22,Venetoclax,1,nM,1,nM,,1241,2,1
I22,Cytarabine,1,nM,1,nM,,2672,2,1
J22,Dexamethasone,1,nM,1,nM,,2167,2,1
K22,Doxorubicin,1,nM,1,nM,,2868,2,1
L22,Navitoclax,1,nM,1,nM,,2575,2,1
M22,Panobinostat,1,nM,1,nM,,2821,2,1
N22,Midostaurin,1,nM,1,nM,,2726,2,1
C6,DMSO,NA,,NA,,Neg_Control,2922,2,2
C12,DMSO,NA,,NA,,Neg_Control,2885,2,2
N17,Sorafenib,1,nM,1,nM,,2856,2,2
N12,Temsirolimus,1,nM,1,nM,,2831,2,2
C3,DMSO,NA,,NA,,Neg_Control,2823,2,2
D21,Arsenic trioxide,10,nM,10,nM,,2816,2,2
I17,Ibrutinib,1,nM,1,nM,,2779,2,2
C5,DMSO,NA,,NA,,Neg_Control,2774,2,2
C8,DMSO,NA,,NA,,Neg_Control,2746,2,2
J16,Bosutinib,10,nM,10,nM,,2745,2,2
D10,Imatinib,100,nM,100,nM,,2716,2,2
I12,Ribociclib,1,nM,1,nM,,2699,2,2
G6,Entospletinib,10,nM,10,nM,,2670,2,2
J4,Leflunomide,1,uM,1000,nM,,2647,2,2
M6,Selinexor,10,nM,10,nM,,2644,2,2
K22,Nilotinib,1,nM,1,nM,,2638,2,2
J5,Leflunomide,100,nM,100,nM,,2598,2,2
N5,Temsirolimus,100,nM,100,nM,,2594,2,2
G12,Entospletinib,1,nM,1,nM,,2580,2,2
K16,Nilotinib,10,nM,10,nM,,2577,2,2
K12,Methotrexate,1,nM,1,nM,,2538,2,2
I22,Ibrutinib,1,nM,1,nM,,2534,2,2
I15,Ibrutinib,100,nM,100,nM,,2530,2,2
N11,Temsirolimus,10,nM,10,nM,,2510,2,2
F17,Decitabine,1,nM,1,nM,,2485,2,2
D22,Arsenic trioxide,1,nM,1,nM,,2485,2,2
G10,Entospletinib,100,nM,100,nM,,2476,2,2
N6,Temsirolimus,10,nM,10,nM,,2449,2,2
G9,Entospletinib,1,uM,1000,nM,,2434,2,2
L17,Crenolanib,1,nM,1,nM,,2433,2,2
M21,Azacytidine,10,nM,10,nM,,2422,2,2
C7,DMSO,NA,,NA,,Neg_Control,2389,2,2
D5,Imatinib,100,nM,100,nM,,2362,2,2
C10,DMSO,NA,,NA,,Neg_Control,2347,2,2
J12,Leflunomide,1,nM,1,nM,,2335,2,2
C11,DMSO,NA,,NA,,Neg_Control,2328,2,2
D9,Imatinib,1,uM,1000,nM,,2315,2,2
J20,Bosutinib,100,nM,100,nM,,2305,2,2
J17,Bosutinib,1,nM,1,nM,,2304,2,2
J6,Leflunomide,10,nM,10,nM,,2290,2,2
C4,DMSO,NA,,NA,,Neg_Control,2255,2,2
N10,Temsirolimus,100,nM,100,nM,,2243,2,2
N22,Sorafenib,1,nM,1,nM,,2219,2,2
M17,Azacytidine,1,nM,1,nM,,2208,2,2
J10,Leflunomide,100,nM,100,nM,,2201,2,2
G5,Entospletinib,100,nM,100,nM,,2189,2,2
I19,Ibrutinib,1,uM,1000,nM,,2183,2,2
D6,Imatinib,10,nM,10,nM,,2158,2,2
D19,Arsenic trioxide,1,uM,1000,nM,,2152,2,2
J21,Bosutinib,10,nM,10,nM,,2149,2,2
K14,Nilotinib,1,uM,1000,nM,,2145,2,2
M20,Azacytidine,100,nM,100,nM,,2135,2,2
H16,Fedratinib,10,nM,10,nM,,2123,2,2
J22,Bosutinib,1,nM,1,nM,,2119,2,2
J11,Leflunomide,10,nM,10,nM,,2112,2,2
G11,Entospletinib,10,nM,10,nM,,2108,2,2
F22,Decitabine,1,nM,1,nM,,2099,2,2
H17,Fedratinib,1,nM,1,nM,,2073,2,2
M11,Selinexor,10,nM,10,nM,,2059,2,2
I7,Ribociclib,1,nM,1,nM,,2052,2,2
D14,Arsenic trioxide,1,uM,1000,nM,,2034,2,2
F21,Decitabine,10,nM,10,nM,,2031,2,2
K6,Methotrexate,10,nM,10,nM,,2016,2,2
D16,Arsenic trioxide,10,nM,10,nM,,2016,2,2
F16,Decitabine,10,nM,10,nM,,2004,2,2
I10,Ribociclib,100,nM,100,nM,,1971,2,2
G7,Entospletinib,1,nM,1,nM,,1965,2,2
F7,Idasanutlin,1,nM,1,nM,,1963,2,2
G22,Prednisolone,1,nM,1,nM,,1960,2,2
M15,Azacytidine,100,nM,100,nM,,1953,2,2
J15,Bosutinib,100,nM,100,nM,,1927,2,2
H7,Clofarabine,1,nM,1,nM,,1915,2,2
N7,Temsirolimus,1,nM,1,nM,,1914,2,2
E16,Trametinib,10,nM,10,nM,,1907,2,2
I14,Ibrutinib,1,uM,1000,nM,,1891,2,2
I11,Ribociclib,10,nM,10,nM,,1886,2,2
H22,Fedratinib,1,nM,1,nM,,1877,2,2
I6,Ribociclib,10,nM,10,nM,,1875,2,2
H11,Clofarabine,10,nM,10,nM,,1872,2,2
D18,Arsenic trioxide,10,uM,10000,nM,,1871,2,2
D11,Imatinib,10,nM,10,nM,,1861,2,2
E21,Trametinib,10,nM,10,nM,,1845,2,2
K10,Methotrexate,100,nM,100,nM,,1842,2,2
K9,Methotrexate,1,uM,1000,nM,,1824,2,2
I21,Ibrutinib,10,nM,10,nM,,1819,2,2
D20,Arsenic trioxide,100,nM,100,nM,,1806,2,2
I5,Ribociclib,100,nM,100,nM,,1801,2,2
C9,DMSO,NA,,NA,,Neg_Control,1778,2,2
F20,Decitabine,100,nM,100,nM,,1721,2,2
H12,Clofarabine,1,nM,1,nM,,1684,2,2
K11,Methotrexate,10,nM,10,nM,,1679,2,2
H6,Clofarabine,10,nM,10,nM,,1673,2,2
L22,Crenolanib,1,nM,1,nM,,1661,2,2
E12,Topotecan,1,nM,1,nM,,1656,2,2
G17,Prednisolone,1,nM,1,nM,,1655,2,2
D15,Arsenic trioxide,100,nM,100,nM,,1643,2,2
E22,Trametinib,1,nM,1,nM,,1611,2,2
D7,Imatinib,1,nM,1,nM,,1594,2,2
K5,Methotrexate,100,nM,100,nM,,1576,2,2
F12,Idasanutlin,1,nM,1,nM,,1543,2,2
J7,Leflunomide,1,nM,1,nM,,1533,2,2
L12,Vincristine,1,nM,1,nM,,1504,2,2
K19,Nilotinib,1,uM,1000,nM,,1475,2,2
F15,Decitabine,100,nM,100,nM,,1434,2,2
E17,Trametinib,1,nM,1,nM,,1420,2,2
E7,Topotecan,1,nM,1,nM,,1411,2,2
N4,Temsirolimus,1,uM,1000,nM,,1407,2,2
H21,Fedratinib,10,nM,10,nM,,1394,2,2
K8,Methotrexate,10,uM,10000,nM,,1369,2,2
K4,Methotrexate,1,uM,1000,nM,,1360,2,2
F11,Idasanutlin,10,nM,10,nM,,1297,2,2
N21,Sorafenib,10,nM,10,nM,,1259,2,2
C17,Idarubicin,1,nM,1,nM,,1250,2,2
L7,Vincristine,1,nM,1,nM,,1247,2,2
D17,Arsenic trioxide,1,nM,1,nM,,1247,2,2
N19,Sorafenib,1,uM,1000,nM,,1229,2,2
F14,Decitabine,1,uM,1000,nM,,1156,2,2
M10,Selinexor,100,nM,100,nM,,1153,2,2
K3,Methotrexate,10,uM,10000,nM,,1138,2,2
C22,Idarubicin,1,nM,1,nM,,1135,2,2
F19,Decitabine,1,uM,1000,nM,,1107,2,2
M5,Selinexor,100,nM,100,nM,,1095,2,2
N14,Sorafenib,1,uM,1000,nM,,1093,2,2
N16,Sorafenib,10,nM,10,nM,,1080,2,2
F6,Idasanutlin,10,nM,10,nM,,1070,2,2
L16,Crenolanib,10,nM,10,nM,,979,2,2
E20,Trametinib,100,nM,100,nM,,954,2,2
L11,Vincristine,10,nM,10,nM,,946,2,2
E11,Topotecan,10,nM,10,nM,,910,2,2
J3,Leflunomide,10,uM,10000,nM,,909,2,2
E6,Topotecan,10,nM,10,nM,,880,2,2
H20,Fedratinib,100,nM,100,nM,,872,2,2
E15,Trametinib,100,nM,100,nM,,871,2,2
F8,Idasanutlin,10,uM,10000,nM,,839,2,2
N20,Sorafenib,100,nM,100,nM,,816,2,2
M4,Selinexor,1,uM,1000,nM,,809,2,2
F3,Idasanutlin,10,uM,10000,nM,,774,2,2
M9,Selinexor,1,uM,1000,nM,,771,2,2
H15,Fedratinib,100,nM,100,nM,,750,2,2
M14,Azacytidine,1,uM,1000,nM,,749,2,2
J8,Leflunomide,10,uM,10000,nM,,726,2,2
E14,Trametinib,1,uM,1000,nM,,723,2,2
F18,Decitabine,10,uM,10000,nM,,673,2,2
L21,Crenolanib,10,nM,10,nM,,670,2,2
L6,Vincristine,10,nM,10,nM,,638,2,2
F13,Decitabine,10,uM,10000,nM,,635,2,2
E19,Trametinib,1,uM,1000,nM,,584,2,2
N15,Sorafenib,100,nM,100,nM,,541,2,2
E10,Topotecan,100,nM,100,nM,,534,2,2
E5,Topotecan,100,nM,100,nM,,467,2,2
M19,Azacytidine,1,uM,1000,nM,,394,2,2
G21,Prednisolone,10,nM,10,nM,,388,2,2
I9,Ribociclib,1,uM,1000,nM,,367,2,2
I4,Ribociclib,1,uM,1000,nM,,366,2,2
L20,Crenolanib,100,nM,100,nM,,361,2,2
H10,Clofarabine,100,nM,100,nM,,350,2,2
L15,Crenolanib,100,nM,100,nM,,341,2,2
N9,Temsirolimus,1,uM,1000,nM,,322,2,2
G3,Entospletinib,10,uM,10000,nM,,317,2,2
G16,Prednisolone,10,nM,10,nM,,295,2,2
G14,Prednisolone,1,uM,1000,nM,,251,2,2
H5,Clofarabine,100,nM,100,nM,,248,2,2
G19,Prednisolone,1,uM,1000,nM,,230,2,2
L10,Vincristine,100,nM,100,nM,,220,2,2
G20,Prednisolone,100,nM,100,nM,,216,2,2
G8,Entospletinib,10,uM,10000,nM,,213,2,2
G15,Prednisolone,100,nM,100,nM,,210,2,2
L5,Vincristine,100,nM,100,nM,,179,2,2
L4,Vincristine,1,uM,1000,nM,,136,2,2
E4,Topotecan,1,uM,1000,nM,,124,2,2
H9,Clofarabine,1,uM,1000,nM,,117,2,2
L8,Vincristine,10,uM,10000,nM,,115,2,2
L9,Vincristine,1,uM,1000,nM,,111,2,2
E13,Trametinib,10,uM,10000,nM,,99,2,2
M8,Selinexor,10,uM,10000,nM,,93,2,2
E9,Topotecan,1,uM,1000,nM,,93,2,2
G18,Prednisolone,10,uM,10000,nM,,87,2,2
H4,Clofarabine,1,uM,1000,nM,,75,2,2
F5,Idasanutlin,100,nM,100,nM,,72,2,2
G13,Prednisolone,10,uM,10000,nM,,69,2,2
F10,Idasanutlin,100,nM,100,nM,,57,2,2
M3,Selinexor,10,uM,10000,nM,,56,2,2
L3,Vincristine,10,uM,10000,nM,,52,2,2
C21,Idarubicin,10,nM,10,nM,,50,2,2
C16,Idarubicin,10,nM,10,nM,,49,2,2
C15,Idarubicin,25,nM,25,nM,,45,2,2
H3,Clofarabine,10,uM,10000,nM,,42,2,2
I18,Ibrutinib,10,uM,10000,nM,,39,2,2
I13,Ibrutinib,10,uM,10000,nM,,36,2,2
L13,Crenolanib,10,uM,10000,nM,,36,2,2
C20,Idarubicin,25,nM,25,nM,,35,2,2
H8,Clofarabine,10,uM,10000,nM,,34,2,2
C14,Idarubicin,50,nM,50,nM,,30,2,2
E18,Trametinib,10,uM,10000,nM,,26,2,2
I8,Ribociclib,10,uM,10000,nM,,25,2,2
C19,Idarubicin,50,nM,50,nM,,22,2,2
H19,Fedratinib,1,uM,1000,nM,,22,2,2
F4,Idasanutlin,1,uM,1000,nM,,20,2,2
C13,Idarubicin,100,nM,100,nM,,19,2,2
J14,Bosutinib,1,uM,1000,nM,,18,2,2
I3,Ribociclib,10,uM,10000,nM,,17,2,2
H14,Fedratinib,1,uM,1000,nM,,16,2,2
C18,Idarubicin,100,nM,100,nM,,16,2,2
L18,Crenolanib,10,uM,10000,nM,,15,2,2
E8,Topotecan,10,uM,10000,nM,,14,2,2
L14,Crenolanib,1,uM,1000,nM,,14,2,2
M18,Azacytidine,10,uM,10000,nM,,14,2,2
L19,Crenolanib,1,uM,1000,nM,,13,2,2
J18,Bosutinib,10,uM,10000,nM,,11,2,2
F9,Idasanutlin,1,uM,1000,nM,,9,2,2
M13,Azacytidine,10,uM,10000,nM,,9,2,2
K18,Nilotinib,10,uM,10000,nM,,9,2,2
J13,Bosutinib,10,uM,10000,nM,,8,2,2
H18,Fedratinib,10,uM,10000,nM,,8,2,2
K13,Nilotinib,10,uM,10000,nM,,7,2,2
D3,Imatinib,10,uM,10000,nM,,6,2,2
H13,Fedratinib,10,uM,10000,nM,,6,2,2
J19,Bosutinib,1,uM,1000,nM,,6,2,2
E3,Topotecan,10,uM,10000,nM,,5,2,2
D8,Imatinib,10,uM,10000,nM,,4,2,2
N13,Sorafenib,10,uM,10000,nM,,1,2,2
N3,Temsirolimus,10,uM,10000,nM,,0,2,2
N18,Sorafenib,10,uM,10000,nM,,0,2,2
C3,DMSO,NA,,NA,,Neg_Control,3337,2,3
D3,Flavopiridol,10,uM,10000,nM,,25,2,3
E3,Avapritinib,10,uM,10000,nM,,143,2,3
F3,lenalidomide,10,uM,10000,nM,,388,2,3
G3,1938,10,uM,10000,nM,,25,2,3
H3,Glasdegib,10,uM,10000,nM,,24,2,3
I3,Ipatasertib,10,uM,10000,nM,,80,2,3
J3,Homoharringtonine,10,uM,10000,nM,,3,2,3
K3,Busulfan,10,uM,10000,nM,,1013,2,3
L3,Dactinomycin,10,uM,10000,nM,,830,2,3
M3,6-Mercaptopurine,10,uM,10000,nM,,718,2,3
N3,Etoposide,10,uM,10000,nM,,23,2,3
C4,DMSO,NA,,NA,,Neg_Control,2243,2,3
D4,Flavopiridol,1,uM,1000,nM,,23,2,3
E4,Avapritinib,1,uM,1000,nM,,1112,2,3
F4,lenalidomide,1,uM,1000,nM,,1572,2,3
G4,1938,1,uM,1000,nM,,1413,2,3
H4,Glasdegib,1,uM,1000,nM,,1971,2,3
I4,Ipatasertib,1,uM,1000,nM,,364,2,3
J4,Homoharringtonine,1,uM,1000,nM,,8,2,3
K4,Busulfan,1,uM,1000,nM,,1876,2,3
L4,Dactinomycin,1,uM,1000,nM,,2725,2,3
M4,6-Mercaptopurine,1,uM,1000,nM,,2454,2,3
N4,Etoposide,1,uM,1000,nM,,116,2,3
C5,DMSO,NA,,NA,,Neg_Control,3423,2,3
D5,Flavopiridol,100,nM,100,nM,,11,2,3
E5,Avapritinib,100,nM,100,nM,,1115,2,3
F5,lenalidomide,100,nM,100,nM,,1389,2,3
G5,1938,100,nM,100,nM,,2323,2,3
H5,Glasdegib,100,nM,100,nM,,2054,2,3
I5,Ipatasertib,100,nM,100,nM,,1124,2,3
J5,Homoharringtonine,100,nM,100,nM,,54,2,3
K5,Busulfan,100,nM,100,nM,,2347,2,3
L5,Dactinomycin,100,nM,100,nM,,2715,2,3
M5,6-Mercaptopurine,100,nM,100,nM,,1699,2,3
N5,Etoposide,100,nM,100,nM,,1279,2,3
C6,DMSO,NA,,NA,,Neg_Control,2708,2,3
D6,Flavopiridol,10,nM,10,nM,,1283,2,3
E6,Avapritinib,10,nM,10,nM,,1857,2,3
F6,lenalidomide,10,nM,10,nM,,1512,2,3
G6,1938,10,nM,10,nM,,2760,2,3
H6,Glasdegib,10,nM,10,nM,,2383,2,3
I6,Ipatasertib,10,nM,10,nM,,2383,2,3
J6,Homoharringtonine,10,nM,10,nM,,155,2,3
K6,Busulfan,10,nM,10,nM,,3066,2,3
L6,Dactinomycin,10,nM,10,nM,,3294,2,3
M6,6-Mercaptopurine,10,nM,10,nM,,3825,2,3
N6,Etoposide,10,nM,10,nM,,2021,2,3
C7,DMSO,NA,,NA,,Neg_Control,2282,2,3
D7,Flavopiridol,1,nM,1,nM,,1728,2,3
E7,Avapritinib,1,nM,1,nM,,1461,2,3
F7,lenalidomide,1,nM,1,nM,,1933,2,3
G7,1938,1,nM,1,nM,,2517,2,3
H7,Glasdegib,1,nM,1,nM,,2197,2,3
I7,Ipatasertib,1,nM,1,nM,,2064,2,3
J7,Homoharringtonine,1,nM,1,nM,,1187,2,3
K7,Busulfan,1,nM,1,nM,,3133,2,3
L7,Dactinomycin,1,nM,1,nM,,2527,2,3
M7,6-Mercaptopurine,1,nM,1,nM,,2217,2,3
N7,Etoposide,1,nM,1,nM,,2939,2,3
C8,DMSO,NA,,NA,,Neg_Control,1936,2,3
D8,Flavopiridol,10,uM,10000,nM,,28,2,3
E8,Avapritinib,10,uM,10000,nM,,83,2,3
F8,lenalidomide,10,uM,10000,nM,,511,2,3
G8,1938,10,uM,10000,nM,,43,2,3
H8,Glasdegib,10,uM,10000,nM,,63,2,3
I8,Ipatasertib,10,uM,10000,nM,,71,2,3
J8,Homoharringtonine,10,uM,10000,nM,,13,2,3
K8,Busulfan,10,uM,10000,nM,,1019,2,3
L8,Dactinomycin,10,uM,10000,nM,,739,2,3
M8,6-Mercaptopurine,10,uM,10000,nM,,657,2,3
N8,Etoposide,10,uM,10000,nM,,32,2,3
C9,DMSO,NA,,NA,,Neg_Control,2021,2,3
D9,Flavopiridol,1,uM,1000,nM,,17,2,3
E9,Avapritinib,1,uM,1000,nM,,1041,2,3
F9,lenalidomide,1,uM,1000,nM,,1164,2,3
G9,1938,1,uM,1000,nM,,988,2,3
H9,Glasdegib,1,uM,1000,nM,,1501,2,3
I9,Ipatasertib,1,uM,1000,nM,,253,2,3
J9,Homoharringtonine,1,uM,1000,nM,,7,2,3
K9,Busulfan,1,uM,1000,nM,,1347,2,3
L9,Dactinomycin,1,uM,1000,nM,,2145,2,3
M9,6-Mercaptopurine,1,uM,1000,nM,,3179,2,3
N9,Etoposide,1,uM,1000,nM,,142,2,3
C10,DMSO,NA,,NA,,Neg_Control,2572,2,3
D10,Flavopiridol,100,nM,100,nM,,19,2,3
E10,Avapritinib,100,nM,100,nM,,1613,2,3
F10,lenalidomide,100,nM,100,nM,,1227,2,3
G10,1938,100,nM,100,nM,,2827,2,3
H10,Glasdegib,100,nM,100,nM,,2637,2,3
I10,Ipatasertib,100,nM,100,nM,,860,2,3
J10,Homoharringtonine,100,nM,100,nM,,46,2,3
K10,Busulfan,100,nM,100,nM,,2710,2,3
L10,Dactinomycin,100,nM,100,nM,,2519,2,3
M10,6-Mercaptopurine,100,nM,100,nM,,1967,2,3
N10,Etoposide,100,nM,100,nM,,846,2,3
C11,DMSO,NA,,NA,,Neg_Control,2103,2,3
D11,Flavopiridol,10,nM,10,nM,,1239,2,3
E11,Avapritinib,10,nM,10,nM,,1685,2,3
F11,lenalidomide,10,nM,10,nM,,1352,2,3
G11,1938,10,nM,10,nM,,2594,2,3
H11,Glasdegib,10,nM,10,nM,,1887,2,3
I11,Ipatasertib,10,nM,10,nM,,1870,2,3
J11,Homoharringtonine,10,nM,10,nM,,197,2,3
K11,Busulfan,10,nM,10,nM,,2415,2,3
L11,Dactinomycin,10,nM,10,nM,,2229,2,3
M11,6-Mercaptopurine,10,nM,10,nM,,2291,2,3
N11,Etoposide,10,nM,10,nM,,2574,2,3
C12,DMSO,NA,,NA,,Neg_Control,3137,2,3
D12,Flavopiridol,1,nM,1,nM,,2411,2,3
E12,Avapritinib,1,nM,1,nM,,2003,2,3
F12,lenalidomide,1,nM,1,nM,,2396,2,3
G12,1938,1,nM,1,nM,,2825,2,3
H12,Glasdegib,1,nM,1,nM,,2816,2,3
I12,Ipatasertib,1,nM,1,nM,,2405,2,3
J12,Homoharringtonine,1,nM,1,nM,,1360,2,3
K12,Busulfan,1,nM,1,nM,,2240,2,3
L12,Dactinomycin,1,nM,1,nM,,2805,2,3
M12,6-Mercaptopurine,1,nM,1,nM,,3227,2,3
N12,Etoposide,1,nM,1,nM,,2710,2,3
C13,Idarubicin,100,nM,100,nM,,8,2,3
D13,Tofacitinib,10,uM,10000,nM,,698,2,3
E13,Idelalisib,10,uM,10000,nM,,82,2,3
F13,Ulixertinib,10,uM,10000,nM,,2,2,3
G13,Fludarabine,10,uM,10000,nM,,40,2,3
H13,Dovitinib,10,uM,10000,nM,,19,2,3
I13,Temozolomide,10,uM,10000,nM,,716,2,3
J13,ATRA,10,uM,10000,nM,,110,2,3
K13,Melphalan,10,uM,10000,nM,,5,2,3
L13,6-Thioguanine,10,uM,10000,nM,,566,2,3
M13,HSP990,10,uM,10000,nM,,17,2,3
N13,THZ1,10,uM,10000,nM,,1,2,3
C14,Idarubicin,50,nM,50,nM,,15,2,3
D14,Tofacitinib,1,uM,1000,nM,,3503,2,3
E14,Idelalisib,1,uM,1000,nM,,881,2,3
F14,Ulixertinib,1,uM,1000,nM,,1031,2,3
G14,Fludarabine,1,uM,1000,nM,,758,2,3
H14,Dovitinib,1,uM,1000,nM,,39,2,3
I14,Temozolomide,1,uM,1000,nM,,2100,2,3
J14,ATRA,1,uM,1000,nM,,1517,2,3
K14,Melphalan,1,uM,1000,nM,,85,2,3
L14,6-Thioguanine,1,uM,1000,nM,,1318,2,3
M14,HSP990,1,uM,1000,nM,,65,2,3
N14,THZ1,1,uM,1000,nM,,6,2,3
C15,Idarubicin,25,nM,25,nM,,37,2,3
D15,Tofacitinib,100,nM,100,nM,,2680,2,3
E15,Idelalisib,100,nM,100,nM,,2166,2,3
F15,Ulixertinib,100,nM,100,nM,,1736,2,3
G15,Fludarabine,100,nM,100,nM,,2130,2,3
H15,Dovitinib,100,nM,100,nM,,611,2,3
I15,Temozolomide,100,nM,100,nM,,1805,2,3
J15,ATRA,100,nM,100,nM,,2179,2,3
K15,Melphalan,100,nM,100,nM,,951,2,3
L15,6-Thioguanine,100,nM,100,nM,,2169,2,3
M15,HSP990,100,nM,100,nM,,121,2,3
N15,THZ1,100,nM,100,nM,,14,2,3
C16,Idarubicin,10,nM,10,nM,,47,2,3
D16,Tofacitinib,10,nM,10,nM,,2202,2,3
E16,Idelalisib,10,nM,10,nM,,2002,2,3
F16,Ulixertinib,10,nM,10,nM,,2255,2,3
G16,Fludarabine,10,nM,10,nM,,2012,2,3
H16,Dovitinib,10,nM,10,nM,,979,2,3
I16,Temozolomide,10,nM,10,nM,,2136,2,3
J16,ATRA,10,nM,10,nM,,1817,2,3
K16,Melphalan,10,nM,10,nM,,3077,2,3
L16,6-Thioguanine,10,nM,10,nM,,3960,2,3
M16,HSP990,10,nM,10,nM,,81,2,3
N16,THZ1,10,nM,10,nM,,105,2,3
C17,Idarubicin,1,nM,1,nM,,981,2,3
D17,Tofacitinib,1,nM,1,nM,,1656,2,3
E17,Idelalisib,1,nM,1,nM,,2140,2,3
F17,Ulixertinib,1,nM,1,nM,,1793,2,3
G17,Fludarabine,1,nM,1,nM,,2057,2,3
H17,Dovitinib,1,nM,1,nM,,1532,2,3
I17,Temozolomide,1,nM,1,nM,,1660,2,3
J17,ATRA,1,nM,1,nM,,2203,2,3
K17,Melphalan,1,nM,1,nM,,2202,2,3
L17,6-Thioguanine,1,nM,1,nM,,3229,2,3
M17,HSP990,1,nM,1,nM,,1827,2,3
N17,THZ1,1,nM,1,nM,,2026,2,3
C18,Idarubicin,100,nM,100,nM,,14,2,3
D18,Tofacitinib,10,uM,10000,nM,,844,2,3
E18,Idelalisib,10,uM,10000,nM,,67,2,3
F18,Ulixertinib,10,uM,10000,nM,,3,2,3
G18,Fludarabine,10,uM,10000,nM,,49,2,3
H18,Dovitinib,10,uM,10000,nM,,18,2,3
I18,Temozolomide,10,uM,10000,nM,,905,2,3
J18,ATRA,10,uM,10000,nM,,97,2,3
K18,Melphalan,10,uM,10000,nM,,4,2,3
L18,6-Thioguanine,10,uM,10000,nM,,488,2,3
M18,HSP990,10,uM,10000,nM,,10,2,3
N18,THZ1,10,uM,10000,nM,,2,2,3
C19,Idarubicin,50,nM,50,nM,,18,2,3
D19,Tofacitinib,1,uM,1000,nM,,2611,2,3
E19,Idelalisib,1,uM,1000,nM,,386,2,3
F19,Ulixertinib,1,uM,1000,nM,,768,2,3
G19,Fludarabine,1,uM,1000,nM,,279,2,3
H19,Dovitinib,1,uM,1000,nM,,14,2,3
I19,Temozolomide,1,uM,1000,nM,,2090,2,3
J19,ATRA,1,uM,1000,nM,,1816,2,3
K19,Melphalan,1,uM,1000,nM,,59,2,3
L19,6-Thioguanine,1,uM,1000,nM,,1466,2,3
M19,HSP990,1,uM,1000,nM,,54,2,3
N19,THZ1,1,uM,1000,nM,,1,2,3
C20,Idarubicin,25,nM,25,nM,,14,2,3
D20,Tofacitinib,100,nM,100,nM,,3154,2,3
E20,Idelalisib,100,nM,100,nM,,1310,2,3
F20,Ulixertinib,100,nM,100,nM,,1676,2,3
G20,Fludarabine,100,nM,100,nM,,1490,2,3
H20,Dovitinib,100,nM,100,nM,,450,2,3
I20,Temozolomide,100,nM,100,nM,,2313,2,3
J20,ATRA,100,nM,100,nM,,2152,2,3
K20,Melphalan,100,nM,100,nM,,915,2,3
L20,6-Thioguanine,100,nM,100,nM,,2104,2,3
M20,HSP990,100,nM,100,nM,,58,2,3
N20,THZ1,100,nM,100,nM,,9,2,3
C21,Idarubicin,10,nM,10,nM,,47,2,3
D21,Tofacitinib,10,nM,10,nM,,3013,2,3
E21,Idelalisib,10,nM,10,nM,,1301,2,3
F21,Ulixertinib,10,nM,10,nM,,2009,2,3
G21,Fludarabine,10,nM,10,nM,,2469,2,3
H21,Dovitinib,10,nM,10,nM,,829,2,3
I21,Temozolomide,10,nM,10,nM,,2374,2,3
J21,ATRA,10,nM,10,nM,,2337,2,3
K21,Melphalan,10,nM,10,nM,,2111,2,3
L21,6-Thioguanine,10,nM,10,nM,,1699,2,3
M21,HSP990,10,nM,10,nM,,76,2,3
N21,THZ1,10,nM,10,nM,,93,2,3
C22,Idarubicin,1,nM,1,nM,,896,2,3
D22,Tofacitinib,1,nM,1,nM,,3403,2,3
E22,Idelalisib,1,nM,1,nM,,2160,2,3
F22,Ulixertinib,1,nM,1,nM,,2497,2,3
G22,Fludarabine,1,nM,1,nM,,2027,2,3
H22,Dovitinib,1,nM,1,nM,,1570,2,3
I22,Temozolomide,1,nM,1,nM,,2290,2,3
J22,ATRA,1,nM,1,nM,,2326,2,3
K22,Melphalan,1,nM,1,nM,,2638,2,3
L22,6-Thioguanine,1,nM,1,nM,,2580,2,3
M22,HSP990,1,nM,1,nM,,1301,2,3
N22,THZ1,1,nM,1,nM,,2626,2,3
C3,DMSO,NA,,NA,,Neg_Control,2463,2,4
D3,Pentostatin,10,uM,10000,nM,,1160,2,4
E3,APR246,10,uM,10000,nM,,15,2,4
F3,BI-2536,10,uM,10000,nM,,4,2,4
G3,SNDX-5613,10,uM,10000,nM,,46,2,4
H3,Mitomycin,10,uM,10000,nM,,12,2,4
I3,Cabozantinib,10,uM,10000,nM,,235,2,4
J3,Birabresib,10,uM,10000,nM,,20,2,4
K3,Nelarabine,10,uM,10000,nM,,576,2,4
L3,XMD-17-51,10,uM,10000,nM,,13,2,4
M3,MK8776,10,uM,10000,nM,,26,2,4
N3,KX2-391,10,uM,10000,nM,,56,2,4
C4,DMSO,NA,,NA,,Neg_Control,2165,2,4
D4,Pentostatin,1,uM,1000,nM,,2944,2,4
E4,APR246,1,uM,1000,nM,,45,2,4
F4,BI-2536,1,uM,1000,nM,,20,2,4
G4,SNDX-5613,1,uM,1000,nM,,464,2,4
H4,Mitomycin,1,uM,1000,nM,,9,2,4
I4,Cabozantinib,1,uM,1000,nM,,590,2,4
J4,Birabresib,1,uM,1000,nM,,447,2,4
K4,Nelarabine,1,uM,1000,nM,,1738,2,4
L4,XMD-17-51,1,uM,1000,nM,,20,2,4
M4,MK8776,1,uM,1000,nM,,23,2,4
N4,KX2-391,1,uM,1000,nM,,379,2,4
C5,DMSO,NA,,NA,,Neg_Control,2533,2,4
D5,Pentostatin,100,nM,100,nM,,1756,2,4
E5,APR246,100,nM,100,nM,,649,2,4
F5,BI-2536,100,nM,100,nM,,439,2,4
G5,SNDX-5613,100,nM,100,nM,,1478,2,4
H5,Mitomycin,100,nM,100,nM,,267,2,4
I5,Cabozantinib,100,nM,100,nM,,876,2,4
J5,Birabresib,100,nM,100,nM,,563,2,4
K5,Nelarabine,100,nM,100,nM,,1439,2,4
L5,XMD-17-51,100,nM,100,nM,,624,2,4
M5,MK8776,100,nM,100,nM,,1676,2,4
N5,KX2-391,100,nM,100,nM,,733,2,4
C6,DMSO,NA,,NA,,Neg_Control,2265,2,4
D6,Pentostatin,10,nM,10,nM,,2613,2,4
E6,APR246,10,nM,10,nM,,1641,2,4
F6,BI-2536,10,nM,10,nM,,1199,2,4
G6,SNDX-5613,10,nM,10,nM,,1546,2,4
H6,Mitomycin,10,nM,10,nM,,1459,2,4
I6,Cabozantinib,10,nM,10,nM,,1121,2,4
J6,Birabresib,10,nM,10,nM,,1347,2,4
K6,Nelarabine,10,nM,10,nM,,2914,2,4
L6,XMD-17-51,10,nM,10,nM,,805,2,4
M6,MK8776,10,nM,10,nM,,2883,2,4
N6,KX2-391,10,nM,10,nM,,1039,2,4
C7,DMSO,NA,,NA,,Neg_Control,1876,2,4
D7,Pentostatin,1,nM,1,nM,,1363,2,4
E7,APR246,1,nM,1,nM,,1003,2,4
F7,BI-2536,1,nM,1,nM,,773,2,4
G7,SNDX-5613,1,nM,1,nM,,1547,2,4
H7,Mitomycin,1,nM,1,nM,,2438,2,4
I7,Cabozantinib,1,nM,1,nM,,1778,2,4
J7,Birabresib,1,nM,1,nM,,1486,2,4
K7,Nelarabine,1,nM,1,nM,,1758,2,4
L7,XMD-17-51,1,nM,1,nM,,951,2,4
M7,MK8776,1,nM,1,nM,,1885,2,4
N7,KX2-391,1,nM,1,nM,,1189,2,4
C8,DMSO,NA,,NA,,Neg_Control,2035,2,4
D8,Pentostatin,10,uM,10000,nM,,951,2,4
E8,APR246,10,uM,10000,nM,,12,2,4
F8,BI-2536,10,uM,10000,nM,,4,2,4
G8,SNDX-5613,10,uM,10000,nM,,45,2,4
H8,Mitomycin,10,uM,10000,nM,,6,2,4
I8,Cabozantinib,10,uM,10000,nM,,52,2,4
J8,Birabresib,10,uM,10000,nM,,11,2,4
K8,Nelarabine,10,uM,10000,nM,,667,2,4
L8,XMD-17-51,10,uM,10000,nM,,4,2,4
M8,MK8776,10,uM,10000,nM,,27,2,4
N8,KX2-391,10,uM,10000,nM,,79,2,4
C9,DMSO,NA,,NA,,Neg_Control,1768,2,4
D9,Pentostatin,1,uM,1000,nM,,1400,2,4
E9,APR246,1,uM,1000,nM,,30,2,4
F9,BI-2536,1,uM,1000,nM,,15,2,4
G9,SNDX-5613,1,uM,1000,nM,,845,2,4
H9,Mitomycin,1,uM,1000,nM,,6,2,4
I9,Cabozantinib,1,uM,1000,nM,,732,2,4
J9,Birabresib,1,uM,1000,nM,,331,2,4
K9,Nelarabine,1,uM,1000,nM,,1969,2,4
L9,XMD-17-51,1,uM,1000,nM,,13,2,4
M9,MK8776,1,uM,1000,nM,,57,2,4
N9,KX2-391,1,uM,1000,nM,,339,2,4
C10,DMSO,NA,,NA,,Neg_Control,2416,2,4
D10,Pentostatin,100,nM,100,nM,,2353,2,4
E10,APR246,100,nM,100,nM,,611,2,4
F10,BI-2536,100,nM,100,nM,,454,2,4
G10,SNDX-5613,100,nM,100,nM,,1921,2,4
H10,Mitomycin,100,nM,100,nM,,92,2,4
I10,Cabozantinib,100,nM,100,nM,,850,2,4
J10,Birabresib,100,nM,100,nM,,501,2,4
K10,Nelarabine,100,nM,100,nM,,2154,2,4
L10,XMD-17-51,100,nM,100,nM,,657,2,4
M10,MK8776,100,nM,100,nM,,1372,2,4
N10,KX2-391,100,nM,100,nM,,905,2,4
C11,DMSO,NA,,NA,,Neg_Control,1502,2,4
D11,Pentostatin,10,nM,10,nM,,1903,2,4
E11,APR246,10,nM,10,nM,,1559,2,4
F11,BI-2536,10,nM,10,nM,,1036,2,4
G11,SNDX-5613,10,nM,10,nM,,1853,2,4
H11,Mitomycin,10,nM,10,nM,,1074,2,4
I11,Cabozantinib,10,nM,10,nM,,441,2,4
J11,Birabresib,10,nM,10,nM,,1267,2,4
K11,Nelarabine,10,nM,10,nM,,2288,2,4
L11,XMD-17-51,10,nM,10,nM,,912,2,4
M11,MK8776,10,nM,10,nM,,2071,2,4
N11,KX2-391,10,nM,10,nM,,1224,2,4
C12,DMSO,NA,,NA,,Neg_Control,2038,2,4
D12,Pentostatin,1,nM,1,nM,,2204,2,4
E12,APR246,1,nM,1,nM,,1548,2,4
F12,BI-2536,1,nM,1,nM,,1017,2,4
G12,SNDX-5613,1,nM,1,nM,,2650,2,4
H12,Mitomycin,1,nM,1,nM,,1083,2,4
I12,Cabozantinib,1,nM,1,nM,,921,2,4
J12,Birabresib,1,nM,1,nM,,2531,2,4
K12,Nelarabine,1,nM,1,nM,,2652,2,4
L12,XMD-17-51,1,nM,1,nM,,1079,2,4
M12,MK8776,1,nM,1,nM,,2974,2,4
N12,KX2-391,1,nM,1,nM,,2111,2,4
C13,Idarubicin,100,nM,100,nM,,1,2,4
D13,Crizotinib,10,uM,10000,nM,,4,2,4
E13,Pemetrexed,10,uM,10000,nM,,719,2,4
F13,Eltanexor,10,uM,10000,nM,,40,2,4
G13,Momelotinib,10,uM,10000,nM,,16,2,4
H13,Adavosertib,10,uM,10000,nM,,38,2,4
I13,Alectinib,10,uM,10000,nM,,39,2,4
J13,Palbociclib,10,uM,10000,nM,,911,2,4
K13,BMS-509744,10,uM,10000,nM,,5,2,4
L13,T0901317,10,uM,10000,nM,,1,2,4
M13,AZD1208,10,uM,10000,nM,,4,2,4
N13,BEZ235,10,uM,10000,nM,,100,2,4
C14,Idarubicin,50,nM,50,nM,,4,2,4
D14,Crizotinib,1,uM,1000,nM,,1,2,4
E14,Pemetrexed,1,uM,1000,nM,,2465,2,4
F14,Eltanexor,1,uM,1000,nM,,469,2,4
G14,Momelotinib,1,uM,1000,nM,,728,2,4
H14,Adavosertib,1,uM,1000,nM,,859,2,4
I14,Alectinib,1,uM,1000,nM,,748,2,4
J14,Palbociclib,1,uM,1000,nM,,2381,2,4
K14,BMS-509744,1,uM,1000,nM,,174,2,4
L14,T0901317,1,uM,1000,nM,,787,2,4
M14,AZD1208,1,uM,1000,nM,,1728,2,4
N14,BEZ235,1,uM,1000,nM,,1118,2,4
C15,Idarubicin,25,nM,25,nM,,4,2,4
D15,Crizotinib,100,nM,100,nM,,844,2,4
E15,Pemetrexed,100,nM,100,nM,,1899,2,4
F15,Eltanexor,100,nM,100,nM,,388,2,4
G15,Momelotinib,100,nM,100,nM,,1088,2,4
H15,Adavosertib,100,nM,100,nM,,916,2,4
I15,Alectinib,100,nM,100,nM,,1595,2,4
J15,Palbociclib,100,nM,100,nM,,1803,2,4
K15,BMS-509744,100,nM,100,nM,,2419,2,4
L15,T0901317,100,nM,100,nM,,1789,2,4
M15,AZD1208,100,nM,100,nM,,1942,2,4
N15,BEZ235,100,nM,100,nM,,1264,2,4
C16,Idarubicin,10,nM,10,nM,,6,2,4
D16,Crizotinib,10,nM,10,nM,,1740,2,4
E16,Pemetrexed,10,nM,10,nM,,2357,2,4
F16,Eltanexor,10,nM,10,nM,,1022,2,4
G16,Momelotinib,10,nM,10,nM,,2450,2,4
H16,Adavosertib,10,nM,10,nM,,1138,2,4
I16,Alectinib,10,nM,10,nM,,2721,2,4
J16,Palbociclib,10,nM,10,nM,,2094,2,4
K16,BMS-509744,10,nM,10,nM,,2509,2,4
L16,T0901317,10,nM,10,nM,,1859,2,4
M16,AZD1208,10,nM,10,nM,,2147,2,4
N16,BEZ235,10,nM,10,nM,,1430,2,4
C17,Idarubicin,1,nM,1,nM,,275,2,4
D17,Crizotinib,1,nM,1,nM,,1991,2,4
E17,Pemetrexed,1,nM,1,nM,,2281,2,4
F17,Eltanexor,1,nM,1,nM,,1775,2,4
G17,Momelotinib,1,nM,1,nM,,2145,2,4
H17,Adavosertib,1,nM,1,nM,,2336,2,4
I17,Alectinib,1,nM,1,nM,,2439,2,4
J17,Palbociclib,1,nM,1,nM,,2123,2,4
K17,BMS-509744,1,nM,1,nM,,2593,2,4
L17,T0901317,1,nM,1,nM,,2353,2,4
M17,AZD1208,1,nM,1,nM,,2146,2,4
N17,BEZ235,1,nM,1,nM,,1967,2,4
C18,Idarubicin,100,nM,100,nM,,15,2,4
D18,Crizotinib,10,uM,10000,nM,,3,2,4
E18,Pemetrexed,10,uM,10000,nM,,874,2,4
F18,Eltanexor,10,uM,10000,nM,,57,2,4
G18,Momelotinib,10,uM,10000,nM,,56,2,4
H18,Adavosertib,10,uM,10000,nM,,42,2,4
I18,Alectinib,10,uM,10000,nM,,867,2,4
J18,Palbociclib,10,uM,10000,nM,,1219,2,4
K18,BMS-509744,10,uM,10000,nM,,4,2,4
L18,T0901317,10,uM,10000,nM,,3,2,4
M18,AZD1208,10,uM,10000,nM,,3,2,4
N18,BEZ235,10,uM,10000,nM,,131,2,4
C19,Idarubicin,50,nM,50,nM,,79,2,4
D19,Crizotinib,1,uM,1000,nM,,919,2,4
E19,Pemetrexed,1,uM,1000,nM,,1278,2,4
F19,Eltanexor,1,uM,1000,nM,,551,2,4
G19,Momelotinib,1,uM,1000,nM,,699,2,4
H19,Adavosertib,1,uM,1000,nM,,1551,2,4
I19,Alectinib,1,uM,1000,nM,,1264,2,4
J19,Palbociclib,1,uM,1000,nM,,1643,2,4
K19,BMS-509744,1,uM,1000,nM,,1782,2,4
L19,T0901317,1,uM,1000,nM,,1585,2,4
M19,AZD1208,1,uM,1000,nM,,1574,2,4
N19,BEZ235,1,uM,1000,nM,,694,2,4
C20,Idarubicin,25,nM,25,nM,,75,2,4
D20,Crizotinib,100,nM,100,nM,,2521,2,4
E20,Pemetrexed,100,nM,100,nM,,1601,2,4
F20,Eltanexor,100,nM,100,nM,,765,2,4
G20,Momelotinib,100,nM,100,nM,,2403,2,4
H20,Adavosertib,100,nM,100,nM,,1455,2,4
I20,Alectinib,100,nM,100,nM,,3135,2,4
J20,Palbociclib,100,nM,100,nM,,2097,2,4
K20,BMS-509744,100,nM,100,nM,,2030,2,4
L20,T0901317,100,nM,100,nM,,1139,2,4
M20,AZD1208,100,nM,100,nM,,2461,2,4
N20,BEZ235,100,nM,100,nM,,1421,2,4
C21,Idarubicin,10,nM,10,nM,,144,2,4
D21,Crizotinib,10,nM,10,nM,,1548,2,4
E21,Pemetrexed,10,nM,10,nM,,1934,2,4
F21,Eltanexor,10,nM,10,nM,,1875,2,4
G21,Momelotinib,10,nM,10,nM,,2188,2,4
H21,Adavosertib,10,nM,10,nM,,3250,2,4
I21,Alectinib,10,nM,10,nM,,2686,2,4
J21,Palbociclib,10,nM,10,nM,,1725,2,4
K21,BMS-509744,10,nM,10,nM,,2472,2,4
L21,T0901317,10,nM,10,nM,,1450,2,4
M21,AZD1208,10,nM,10,nM,,2884,2,4
N21,BEZ235,10,nM,10,nM,,1972,2,4
C22,Idarubicin,1,nM,1,nM,,895,2,4
D22,Crizotinib,1,nM,1,nM,,1631,2,4
E22,Pemetrexed,1,nM,1,nM,,1508,2,4
F22,Eltanexor,1,nM,1,nM,,1133,2,4
G22,Momelotinib,1,nM,1,nM,,1777,2,4
H22,Adavosertib,1,nM,1,nM,,2540,2,4
I22,Alectinib,1,nM,1,nM,,2231,2,4
J22,Palbociclib,1,nM,1,nM,,2117,2,4
K22,BMS-509744,1,nM,1,nM,,2294,2,4
L22,T0901317,1,nM,1,nM,,2293,2,4
M22,AZD1208,1,nM,1,nM,,2116,2,4
N22,BEZ235,1,nM,1,nM,,2173,2,4
C03,DMSO,NA,NA,NA,NA,Neg_Control,27118,1,1
C04,DMSO,NA,NA,NA,NA,Neg_Control,24860,1,1
C05,DMSO,NA,NA,NA,NA,Neg_Control,27760,1,1
C06,DMSO,NA,NA,NA,NA,Neg_Control,26411,1,1
C07,DMSO,NA,NA,NA,NA,Neg_Control,24394,1,1
C08,DMSO,NA,NA,NA,NA,Neg_Control,25686,1,1
C09,DMSO,NA,NA,NA,NA,Neg_Control,24913,1,1
C10,DMSO,NA,NA,NA,NA,Neg_Control,24818,1,1
C11,DMSO,NA,NA,NA,NA,Neg_Control,24967,1,1
C12,DMSO,NA,NA,NA,NA,Neg_Control,26221,1,1
C13,Idarubicin,0.1,uM,100,nM,Pos_Control,76,1,1
C14,Idarubicin,0.05,uM,50,nM,Pos_Control,161,1,1
C15,Idarubicin,0.025,uM,25,nM,Pos_Control,150,1,1
C16,Idarubicin,0.01,uM,10,nM,Pos_Control,223,1,1
C17,Idarubicin,0.001,uM,1,nM,Pos_Control,18889,1,1
C18,Idarubicin,0.1,uM,100,nM,Pos_Control,23,1,1
C19,Idarubicin,0.05,uM,50,nM,Pos_Control,69,1,1
C20,Idarubicin,0.025,uM,25,nM,Pos_Control,127,1,1
C21,Idarubicin,0.01,uM,10,nM,Pos_Control,233,1,1
C22,Idarubicin,0.001,uM,1,nM,Pos_Control,23707,1,1
D03,Bortezomib,0.1,uM,100,nM,,32,1,1
D04,Bortezomib,0.05,uM,50,nM,,28,1,1
D05,Bortezomib,0.025,uM,25,nM,,29,1,1
D06,Bortezomib,0.01,uM,10,nM,,198,1,1
D07,Bortezomib,0.001,uM,1,nM,,22486,1,1
D08,Bortezomib,0.1,uM,100,nM,,12,1,1
D09,Bortezomib,0.05,uM,50,nM,,14,1,1
D10,Bortezomib,0.025,uM,25,nM,,17,1,1
D11,Bortezomib,0.01,uM,10,nM,,72,1,1
D12,Bortezomib,0.001,uM,1,nM,,25812,1,1
D13,Carfilzomib,0.1,uM,100,nM,,14,1,1
D14,Carfilzomib,0.05,uM,50,nM,,7,1,1
D15,Carfilzomib,0.025,uM,25,nM,,120,1,1
D16,Carfilzomib,0.01,uM,10,nM,,2010,1,1
D17,Carfilzomib,0.001,uM,1,nM,,20032,1,1
D18,Carfilzomib,0.1,uM,100,nM,,0,1,1
D19,Carfilzomib,0.05,uM,50,nM,,2,1,1
D20,Carfilzomib,0.025,uM,25,nM,,87,1,1
D21,Carfilzomib,0.01,uM,10,nM,,4259,1,1
D22,Carfilzomib,0.001,uM,1,nM,,25148,1,1
E03,Mitoxantrone,0.1,uM,100,nM,,139,1,1
E04,Mitoxantrone,0.05,uM,50,nM,,147,1,1
E05,Mitoxantrone,0.025,uM,25,nM,,336,1,1
E06,Mitoxantrone,0.01,uM,10,nM,,1241,1,1
E07,Mitoxantrone,0.001,uM,1,nM,,23926,1,1
E08,Mitoxantrone,0.1,uM,100,nM,,136,1,1
E09,Mitoxantrone,0.05,uM,50,nM,,148,1,1
E10,Mitoxantrone,0.025,uM,25,nM,,318,1,1
E11,Mitoxantrone,0.01,uM,10,nM,,652,1,1
E12,Mitoxantrone,0.001,uM,1,nM,,25630,1,1
E13,Quizartinib,10,uM,10000,nM,,13900,1,1
E14,Quizartinib,5,uM,5000,nM,,11350,1,1
E15,Quizartinib,1,uM,1000,nM,,19519,1,1
E16,Quizartinib,0.5,uM,500,nM,,20628,1,1
E17,Quizartinib,0.1,uM,100,nM,,21156,1,1
E18,Quizartinib,10,uM,10000,nM,,9631,1,1
E19,Quizartinib,5,uM,5000,nM,,6645,1,1
E20,Quizartinib,1,uM,1000,nM,,16006,1,1
E21,Quizartinib,0.5,uM,500,nM,,18992,1,1
E22,Quizartinib,0.1,uM,100,nM,,23364,1,1
F03,Ruxolitinib,10,uM,10000,nM,,20767,1,1
F04,Ruxolitinib,5,uM,5000,nM,,25542,1,1
F05,Ruxolitinib,1,uM,1000,nM,,28664,1,1
F06,Ruxolitinib,0.5,uM,500,nM,,26221,1,1
F07,Ruxolitinib,0.1,uM,100,nM,,24591,1,1
F08,Ruxolitinib,10,uM,10000,nM,,17501,1,1
F09,Ruxolitinib,5,uM,5000,nM,,21547,1,1
F10,Ruxolitinib,1,uM,1000,nM,,26497,1,1
F11,Ruxolitinib,0.5,uM,500,nM,,25298,1,1
F12,Ruxolitinib,0.1,uM,100,nM,,27258,1,1
F13,Selumetinib,10,uM,10000,nM,,17864,1,1
F14,Selumetinib,5,uM,5000,nM,,18599,1,1
F15,Selumetinib,1,uM,1000,nM,,21212,1,1
F16,Selumetinib,0.5,uM,500,nM,,19872,1,1
F17,Selumetinib,0.1,uM,100,nM,,15141,1,1
F18,Selumetinib,10,uM,10000,nM,,14343,1,1
F19,Selumetinib,5,uM,5000,nM,,16463,1,1
F20,Selumetinib,1,uM,1000,nM,,17295,1,1
F21,Selumetinib,0.5,uM,500,nM,,17255,1,1
F22,Selumetinib,0.1,uM,100,nM,,18911,1,1
G03,Sunitinib,10,uM,10000,nM,,1520,1,1
G04,Sunitinib,5,uM,5000,nM,,4269,1,1
G05,Sunitinib,1,uM,1000,nM,,22338,1,1
G06,Sunitinib,0.5,uM,500,nM,,23610,1,1
G07,Sunitinib,0.1,uM,100,nM,,24861,1,1
G08,Sunitinib,10,uM,10000,nM,,510,1,1
G09,Sunitinib,5,uM,5000,nM,,2629,1,1
G10,Sunitinib,1,uM,1000,nM,,20960,1,1
G11,Sunitinib,0.5,uM,500,nM,,24020,1,1
G12,Sunitinib,0.1,uM,100,nM,,27006,1,1
G13,Torin-1,10,uM,10000,nM,,583,1,1
G14,Torin-1,1,uM,1000,nM,,4115,1,1
G15,Torin-1,0.1,uM,100,nM,,11111,1,1
G16,Torin-1,0.01,uM,10,nM,,19744,1,1
G17,Torin-1,0.001,uM,1,nM,,19213,1,1
G18,Torin-1,10,uM,10000,nM,,543,1,1
G19,Torin-1,1,uM,1000,nM,,1480,1,1
G20,Torin-1,0.1,uM,100,nM,,3115,1,1
G21,Torin-1,0.01,uM,10,nM,,13530,1,1
G22,Torin-1,0.001,uM,1,nM,,21947,1,1
H03,Gilteritinib,10,uM,10000,nM,,2677,1,1
H04,Gilteritinib,1,uM,1000,nM,,9055,1,1
H05,Gilteritinib,0.1,uM,100,nM,,26078,1,1
H06,Gilteritinib,0.01,uM,10,nM,,25177,1,1
H07,Gilteritinib,0.001,uM,1,nM,,24219,1,1
H08,Gilteritinib,10,uM,10000,nM,,2005,1,1
H09,Gilteritinib,1,uM,1000,nM,,7736,1,1
H10,Gilteritinib,0.1,uM,100,nM,,26310,1,1
H11,Gilteritinib,0.01,uM,10,nM,,26663,1,1
H12,Gilteritinib,0.001,uM,1,nM,,27599,1,1
H13,Venetoclax,10,uM,10000,nM,,47,1,1
H14,Venetoclax,1,uM,1000,nM,,26774,1,1
H15,Venetoclax,0.1,uM,100,nM,,25815,1,1
H16,Venetoclax,0.01,uM,10,nM,,26320,1,1
H17,Venetoclax,0.001,uM,1,nM,,19849,1,1
H18,Venetoclax,10,uM,10000,nM,,3712,1,1
H19,Venetoclax,1,uM,1000,nM,,18722,1,1
H20,Venetoclax,0.1,uM,100,nM,,20763,1,1
H21,Venetoclax,0.01,uM,10,nM,,13860,1,1
H22,Venetoclax,0.001,uM,1,nM,,19318,1,1
I03,Birinapant,10,uM,10000,nM,,23642,1,1
I04,Birinapant,1,uM,1000,nM,,21765,1,1
I05,Birinapant,0.1,uM,100,nM,,25089,1,1
I06,Birinapant,0.01,uM,10,nM,,23815,1,1
I07,Birinapant,0.001,uM,1,nM,,24130,1,1
I08,Birinapant,10,uM,10000,nM,,22672,1,1
I09,Birinapant,1,uM,1000,nM,,23255,1,1
I10,Birinapant,0.1,uM,100,nM,,24046,1,1
I11,Birinapant,0.01,uM,10,nM,,25158,1,1
I12,Birinapant,0.001,uM,1,nM,,27599,1,1
I13,Cytarabine,10,uM,10000,nM,,50,1,1
I14,Cytarabine,1,uM,1000,nM,,108,1,1
I15,Cytarabine,0.1,uM,100,nM,,265,1,1
I16,Cytarabine,0.01,uM,10,nM,,11899,1,1
I17,Cytarabine,0.001,uM,1,nM,,18235,1,1
I18,Cytarabine,10,uM,10000,nM,,7,1,1
I19,Cytarabine,1,uM,1000,nM,,17,1,1
I20,Cytarabine,0.1,uM,100,nM,,148,1,1
I21,Cytarabine,0.01,uM,10,nM,,6398,1,1
I22,Cytarabine,0.001,uM,1,nM,,18675,1,1
J03,Dasatinib,10,uM,10000,nM,,651,1,1
J04,Dasatinib,1,uM,1000,nM,,20181,1,1
J05,Dasatinib,0.1,uM,100,nM,,25264,1,1
J06,Dasatinib,0.01,uM,10,nM,,25717,1,1
J07,Dasatinib,0.001,uM,1,nM,,15993,1,1
J08,Dasatinib,10,uM,10000,nM,,695,1,1
J09,Dasatinib,1,uM,1000,nM,,9730,1,1
J10,Dasatinib,0.1,uM,100,nM,,14930,1,1
J11,Dasatinib,0.01,uM,10,nM,,18774,1,1
J12,Dasatinib,0.001,uM,1,nM,,29301,1,1
J13,Dexamethasone,10,uM,10000,nM,,20256,1,1
J14,Dexamethasone,1,uM,1000,nM,,30417,1,1
J15,Dexamethasone,0.1,uM,100,nM,,19208,1,1
J16,Dexamethasone,0.01,uM,10,nM,,27083,1,1
J17,Dexamethasone,0.001,uM,1,nM,,11437,1,1
J18,Dexamethasone,10,uM,10000,nM,,20834,1,1
J19,Dexamethasone,1,uM,1000,nM,,13064,1,1
J20,Dexamethasone,0.1,uM,100,nM,,22743,1,1
J21,Dexamethasone,0.01,uM,10,nM,,13693,1,1
J22,Dexamethasone,0.001,uM,1,nM,,19265,1,1
K03,Dinaciclib,10,uM,10000,nM,,218,1,1
K04,Dinaciclib,1,uM,1000,nM,,150,1,1
K05,Dinaciclib,0.1,uM,100,nM,,169,1,1
K06,Dinaciclib,0.01,uM,10,nM,,644,1,1
K07,Dinaciclib,0.001,uM,1,nM,,25542,1,1
K08,Dinaciclib,10,uM,10000,nM,,218,1,1
K09,Dinaciclib,1,uM,1000,nM,,170,1,1
K10,Dinaciclib,0.1,uM,100,nM,,143,1,1
K11,Dinaciclib,0.01,uM,10,nM,,677,1,1
K12,Dinaciclib,0.001,uM,1,nM,,27697,1,1
K13,Doxorubicin,10,uM,10000,nM,,NA,1,1
K14,Doxorubicin,1,uM,1000,nM,,0,1,1
K15,Doxorubicin,0.1,uM,100,nM,,80,1,1
K16,Doxorubicin,0.01,uM,10,nM,,17452,1,1
K17,Doxorubicin,0.001,uM,1,nM,,18360,1,1
K18,Doxorubicin,10,uM,10000,nM,,NA,1,1
K19,Doxorubicin,1,uM,1000,nM,,0,1,1
K20,Doxorubicin,0.1,uM,100,nM,,27,1,1
K21,Doxorubicin,0.01,uM,10,nM,,6549,1,1
K22,Doxorubicin,0.001,uM,1,nM,,20002,1,1
L03,Gemcitabine,10,uM,10000,nM,,47,1,1
L04,Gemcitabine,1,uM,1000,nM,,32,1,1
L05,Gemcitabine,0.1,uM,100,nM,,25,1,1
L06,Gemcitabine,0.01,uM,10,nM,,25755,1,1
L07,Gemcitabine,0.001,uM,1,nM,,24440,1,1
L08,Gemcitabine,10,uM,10000,nM,,58,1,1
L09,Gemcitabine,1,uM,1000,nM,,31,1,1
L10,Gemcitabine,0.1,uM,100,nM,,75,1,1
L11,Gemcitabine,0.01,uM,10,nM,,22212,1,1
L12,Gemcitabine,0.001,uM,1,nM,,26295,1,1
L13,Navitoclax,10,uM,10000,nM,,25,1,1
L14,Navitoclax,1,uM,1000,nM,,12394,1,1
L15,Navitoclax,0.1,uM,100,nM,,26695,1,1
L16,Navitoclax,0.01,uM,10,nM,,26693,1,1
L17,Navitoclax,0.001,uM,1,nM,,19740,1,1
L18,Navitoclax,10,uM,10000,nM,,428,1,1
L19,Navitoclax,1,uM,1000,nM,,8293,1,1
L20,Navitoclax,0.1,uM,100,nM,,20384,1,1
L21,Navitoclax,0.01,uM,10,nM,,18167,1,1
L22,Navitoclax,0.001,uM,1,nM,,20108,1,1
M03,Asparaginase,2.5,IU_mL,2500,uU_mL,Water_as_solvent,837,1,1
M04,Asparaginase,0.25,IU_mL,250,uU_mL,Water_as_solvent,13139,1,1
M05,Asparaginase,0.025,IU_mL,25,uU_mL,Water_as_solvent,11929,1,1
M06,Asparaginase,0.0025,IU_mL,2.5,uU_mL,Water_as_solvent,25531,1,1
M07,Asparaginase,0.00025,IU_mL,0.25,uU_mL,Water_as_solvent,19374,1,1
M08,Asparaginase,2.5,IU_mL,2500,uU_mL,Water_as_solvent,407,1,1
M09,Asparaginase,0.25,IU_mL,250,uU_mL,Water_as_solvent,3267,1,1
M10,Asparaginase,0.025,IU_mL,25,uU_mL,Water_as_solvent,25483,1,1
M11,Asparaginase,0.0025,IU_mL,2.5,uU_mL,Water_as_solvent,13107,1,1
M12,Asparaginase,0.00025,IU_mL,0.25,uU_mL,Water_as_solvent,27857,1,1
M13,Panobinostat,10,uM,10000,nM,,4,1,1
M14,Panobinostat,1,uM,1000,nM,,7,1,1
M15,Panobinostat,0.1,uM,100,nM,,2,1,1
M16,Panobinostat,0.01,uM,10,nM,,14083,1,1
M17,Panobinostat,0.001,uM,1,nM,,13935,1,1
M18,Panobinostat,10,uM,10000,nM,,0,1,1
M19,Panobinostat,1,uM,1000,nM,,0,1,1
M20,Panobinostat,0.1,uM,100,nM,,2,1,1
M21,Panobinostat,0.01,uM,10,nM,,168,1,1
M22,Panobinostat,0.001,uM,1,nM,,22424,1,1
N03,Ponatinib,10,uM,10000,nM,,38,1,1
N04,Ponatinib,1,uM,1000,nM,,7435,1,1
N05,Ponatinib,0.1,uM,100,nM,,24856,1,1
N06,Ponatinib,0.01,uM,10,nM,,26563,1,1
N07,Ponatinib,0.001,uM,1,nM,,18142,1,1
N08,Ponatinib,10,uM,10000,nM,,1,1,1
N09,Ponatinib,1,uM,1000,nM,,1758,1,1
N10,Ponatinib,0.1,uM,100,nM,,26229,1,1
N11,Ponatinib,0.01,uM,10,nM,,18826,1,1
N12,Ponatinib,0.001,uM,1,nM,,29541,1,1
N13,Midostaurin,10,uM,10000,nM,,204,1,1
N14,Midostaurin,1,uM,1000,nM,,3072,1,1
N15,Midostaurin,0.1,uM,100,nM,,25199,1,1
N16,Midostaurin,0.01,uM,10,nM,,25579,1,1
N17,Midostaurin,0.001,uM,1,nM,,12337,1,1
N18,Midostaurin,10,uM,10000,nM,,1183,1,1
N19,Midostaurin,1,uM,1000,nM,,424,1,1
N20,Midostaurin,0.1,uM,100,nM,,18943,1,1
N21,Midostaurin,0.01,uM,10,nM,,11537,1,1
N22,Midostaurin,0.001,uM,1,nM,,19711,1,1
